{
  "mmd_2d": 0.26551371812820435,
  "n_generated": 300,
  "n_true": 300,
  "x_mse_t0.25": 0.0497436560690403,
  "v_mse_t0.25": 0.7958984971046448,
  "x_mse_t0.5": 0.5440112352371216,
  "v_mse_t0.5": 2.1760451793670654,
  "x_mse_t0.75": 1.6415680646896362,
  "v_mse_t0.75": 2.9183433055877686,
  "x_mse_t1.0": 3.6207032203674316,
  "v_mse_t1.0": 3.6279549598693848,
  "x_mse_mean": 1.4640065440908074,
  "v_mse_mean": 2.379560485482216,
  "pred_space": "x",
  "loss_space": "v",
  "steps": 1,
  "obs_dim": 8,
  "tau": 0.0,
  "dataset": "8gaussians",
  "seed": 42,
  "final_val_x_mse": 1.482901182025671,
  "final_val_v_mse": 2.3938389867544174,
  "final_train_loss": 5.594099998474121,
  "final_mmd": 0.26551371812820435
}