{
  "mmd_2d": 0.48676371574401855,
  "n_generated": 2000,
  "n_true": 2000,
  "x_mse_t0.25": 0.002489154925569892,
  "v_mse_t0.25": 0.03982647508382797,
  "x_mse_t0.5": 0.014680804684758186,
  "v_mse_t0.5": 0.058723218739032745,
  "x_mse_t0.75": 0.027940161526203156,
  "v_mse_t0.75": 0.049671392887830734,
  "x_mse_t1.0": 0.030682962387800217,
  "v_mse_t1.0": 0.030744420364499092,
  "x_mse_mean": 0.018948270881082863,
  "v_mse_mean": 0.044741376768797636,
  "pred_space": "x",
  "loss_space": "x",
  "steps": 1,
  "obs_dim": 64,
  "tau": 0.0,
  "dataset": "spiral_jit",
  "seed": 42,
  "final_val_x_mse": 0.01930172910215333,
  "final_val_v_mse": 0.04630373790860176,
  "final_train_loss": 0.01582121104001999,
  "final_mmd": 0.48676371574401855
}