{
  "mmd_2d": 0.30703043937683105,
  "n_generated": 2000,
  "n_true": 2000,
  "x_mse_t0.25": 0.0050512016750872135,
  "v_mse_t0.25": 0.08081922680139542,
  "x_mse_t0.5": 0.022182727232575417,
  "v_mse_t0.5": 0.08873090893030167,
  "x_mse_t0.75": 0.04561309143900871,
  "v_mse_t0.75": 0.08108994364738464,
  "x_mse_t1.0": 0.06773574650287628,
  "v_mse_t1.0": 0.06787142157554626,
  "x_mse_mean": 0.035145691712386906,
  "v_mse_mean": 0.079627875238657,
  "pred_space": "x",
  "loss_space": "v",
  "steps": 1,
  "obs_dim": 64,
  "tau": 0.2,
  "dataset": "moons",
  "seed": 42,
  "final_val_x_mse": 0.03534150111954659,
  "final_val_v_mse": 0.08095157518982887,
  "final_train_loss": 0.03997272253036499,
  "final_mmd": 0.30703043937683105
}