{
  "mmd_2d": 0.3875596523284912,
  "n_generated": 2000,
  "n_true": 2000,
  "x_mse_t0.25": 0.004316925071179867,
  "v_mse_t0.25": 0.06907080113887787,
  "x_mse_t0.5": 0.01812986098229885,
  "v_mse_t0.5": 0.0725194439291954,
  "x_mse_t0.75": 0.03253578767180443,
  "v_mse_t0.75": 0.05784140154719353,
  "x_mse_t1.0": 0.04185997694730759,
  "v_mse_t1.0": 0.04194381833076477,
  "x_mse_mean": 0.024210637668147683,
  "v_mse_mean": 0.06034386623650789,
  "pred_space": "v",
  "loss_space": "x",
  "steps": 1,
  "obs_dim": 64,
  "tau": 0.0,
  "dataset": "spiral_jit",
  "seed": 42,
  "final_val_x_mse": 0.02451084495987743,
  "final_val_v_mse": 0.06151480320841074,
  "final_train_loss": 0.020262615755200386,
  "final_mmd": 0.3875596523284912
}