{
  "mmd_2d": 1.690407156944275,
  "n_generated": 2000,
  "n_true": 2000,
  "x_mse_t0.25": 510156987170816.0,
  "v_mse_t0.25": 8162511794733056.0,
  "x_mse_t0.5": 2161580804407296.0,
  "v_mse_t0.5": 8646322680758272.0,
  "x_mse_t0.75": 5364258460139520.0,
  "v_mse_t0.75": 9536459484692480.0,
  "x_mse_t1.0": 9063432187805696.0,
  "v_mse_t1.0": 9081585940824064.0,
  "x_mse_mean": 4274857109880832.0,
  "v_mse_mean": 8856719975251968.0,
  "pred_space": "u",
  "loss_space": "x",
  "steps": 1,
  "obs_dim": 2,
  "tau": 0.0,
  "dataset": "spiral_jit",
  "seed": 42,
  "final_val_x_mse": 4274850482880512.0,
  "final_val_v_mse": 8856806948339712.0,
  "final_train_loss": 2.1093190359573604e+24,
  "final_mmd": 1.690407156944275
}