{
  "mmd_2d": 0.3334256410598755,
  "n_generated": 2000,
  "n_true": 2000,
  "x_mse_t0.25": 0.013233684934675694,
  "v_mse_t0.25": 0.2117389589548111,
  "x_mse_t0.5": 0.09927120804786682,
  "v_mse_t0.5": 0.3970848619937897,
  "x_mse_t0.75": 0.6213664412498474,
  "v_mse_t0.75": 1.1046514511108398,
  "x_mse_t1.0": 1.620548963546753,
  "v_mse_t1.0": 1.6237949132919312,
  "x_mse_mean": 0.5886050744447857,
  "v_mse_mean": 0.8343175463378429,
  "pred_space": "x",
  "loss_space": "v",
  "steps": 1,
  "obs_dim": 16,
  "tau": 0.0,
  "dataset": "8gaussians",
  "seed": 42,
  "final_val_x_mse": 0.5902602397836745,
  "final_val_v_mse": 0.8339569866657257,
  "final_train_loss": 0.8114303350448608,
  "final_mmd": 0.3334256410598755
}