{
  "mmd_2d": 0.4422007203102112,
  "n_generated": 2000,
  "n_true": 2000,
  "x_mse_t0.25": 0.0436292327940464,
  "v_mse_t0.25": 0.6980676651000977,
  "x_mse_t0.5": 0.15090684592723846,
  "v_mse_t0.5": 0.6036273837089539,
  "x_mse_t0.75": 0.7047570943832397,
  "v_mse_t0.75": 1.252901554107666,
  "x_mse_t1.0": 6457.42333984375,
  "v_mse_t1.0": 6470.357421875,
  "x_mse_mean": 1614.5806582542136,
  "v_mse_mean": 1618.2280046194792,
  "pred_space": "eps",
  "loss_space": "x",
  "steps": 1,
  "obs_dim": 16,
  "tau": 0.0,
  "dataset": "8gaussians",
  "seed": 42,
  "final_val_x_mse": 1618.3194665368646,
  "final_val_v_mse": 1621.9756180644035,
  "final_train_loss": 2.363116979598999,
  "final_mmd": 0.4422007203102112
}