{
  "mmd_2d": 0.3212929964065552,
  "n_generated": 2000,
  "n_true": 2000,
  "x_mse_t0.25": 0.004354163073003292,
  "v_mse_t0.25": 0.06966660916805267,
  "x_mse_t0.5": 0.017133284360170364,
  "v_mse_t0.5": 0.06853313744068146,
  "x_mse_t0.75": 0.03219463676214218,
  "v_mse_t0.75": 0.057234909385442734,
  "x_mse_t1.0": 0.052207741886377335,
  "v_mse_t1.0": 0.05231231078505516,
  "x_mse_mean": 0.026472456520423293,
  "v_mse_mean": 0.061936741694808006,
  "pred_space": "v",
  "loss_space": "v",
  "steps": 1,
  "obs_dim": 64,
  "tau": 0.0,
  "dataset": "spiral_jit",
  "seed": 42,
  "final_val_x_mse": 0.026820213650353253,
  "final_val_v_mse": 0.06326197553426027,
  "final_train_loss": 0.07020780444145203,
  "final_mmd": 0.3212929964065552
}