{
  "mmd_2d": 0.471569299697876,
  "n_generated": 2000,
  "n_true": 2000,
  "x_mse_t0.25": 0.0006916736019775271,
  "v_mse_t0.25": 0.011066777631640434,
  "x_mse_t0.5": 0.0038296959828585386,
  "v_mse_t0.5": 0.015318783931434155,
  "x_mse_t0.75": 0.006961610168218613,
  "v_mse_t0.75": 0.012376195751130581,
  "x_mse_t1.0": 0.00784803181886673,
  "v_mse_t1.0": 0.007863751612603664,
  "x_mse_mean": 0.004832752892980352,
  "v_mse_mean": 0.011656377231702209,
  "pred_space": "x",
  "loss_space": "v",
  "steps": 1,
  "obs_dim": 256,
  "tau": 0.0,
  "dataset": "spiral_jit",
  "seed": 42,
  "final_val_x_mse": 0.004622260617907159,
  "final_val_v_mse": 0.011486351024359465,
  "final_train_loss": 0.017585445195436478,
  "final_mmd": 0.471569299697876
}