{
  "mmd_2d": 0.000662684440612793,
  "n_generated": 2000,
  "n_true": 2000,
  "x_mse_t0.25": 0.12439709156751633,
  "v_mse_t0.25": 1.9903533458709717,
  "x_mse_t0.5": 0.47603631019592285,
  "v_mse_t0.5": 1.9041452407836914,
  "x_mse_t0.75": 1.1289258003234863,
  "v_mse_t0.75": 2.006979465484619,
  "x_mse_t1.0": 1.9756323099136353,
  "v_mse_t1.0": 1.979589581489563,
  "x_mse_mean": 0.9262478780001402,
  "v_mse_mean": 1.9702669084072113,
  "pred_space": "u",
  "loss_space": "v",
  "steps": 1,
  "obs_dim": 2,
  "tau": 0.0,
  "dataset": "spiral_jit",
  "seed": 42,
  "final_val_x_mse": 0.8975712973624468,
  "final_val_v_mse": 1.9253056049346924,
  "final_train_loss": 2.0919244289398193,
  "final_mmd": 0.000662684440612793
}