{
  "mmd_2d": 0.33273208141326904,
  "n_generated": 2000,
  "n_true": 2000,
  "x_mse_t0.25": 0.009970195591449738,
  "v_mse_t0.25": 0.1595231294631958,
  "x_mse_t0.5": 0.06748846173286438,
  "v_mse_t0.5": 0.2699538767337799,
  "x_mse_t0.75": 0.5881162881851196,
  "v_mse_t0.75": 1.0455400943756104,
  "x_mse_t1.0": 1.604590654373169,
  "v_mse_t1.0": 1.6078046560287476,
  "x_mse_mean": 0.5675413999706507,
  "v_mse_mean": 0.7707054391503334,
  "pred_space": "v",
  "loss_space": "v",
  "steps": 1,
  "obs_dim": 16,
  "tau": 0.0,
  "dataset": "8gaussians",
  "seed": 42,
  "final_val_x_mse": 0.567579850088805,
  "final_val_v_mse": 0.769967969506979,
  "final_train_loss": 0.6614768505096436,
  "final_mmd": 0.33273208141326904
}