{
  "mmd_2d": 0.0026851892471313477,
  "n_generated": 2000,
  "n_true": 2000,
  "x_mse_t0.25": 0.0747915580868721,
  "v_mse_t0.25": 1.196664810180664,
  "x_mse_t0.5": 0.4711534082889557,
  "v_mse_t0.5": 1.8846135139465332,
  "x_mse_t0.75": 0.8772192001342773,
  "v_mse_t0.75": 1.559500813484192,
  "x_mse_t1.0": 0.9781502485275269,
  "v_mse_t1.0": 0.9801095128059387,
  "x_mse_mean": 0.600328603759408,
  "v_mse_mean": 1.405222162604332,
  "pred_space": "x",
  "loss_space": "v",
  "steps": 32,
  "obs_dim": 2,
  "tau": 0.0,
  "dataset": "spiral_jit",
  "seed": 42,
  "final_val_x_mse": 0.6068911142647266,
  "final_val_v_mse": 1.425006240606308,
  "final_train_loss": 1.6102690696716309,
  "final_mmd": 0.0026851892471313477
}