{
  "mmd_2d": 0.0005908012390136719,
  "n_generated": 2000,
  "n_true": 2000,
  "x_mse_t0.25": 0.1243990883231163,
  "v_mse_t0.25": 1.9903852939605713,
  "x_mse_t0.5": 0.4759449362754822,
  "v_mse_t0.5": 1.9037797451019287,
  "x_mse_t0.75": 1.1290457248687744,
  "v_mse_t0.75": 2.007192611694336,
  "x_mse_t1.0": 1.9755569696426392,
  "v_mse_t1.0": 1.9795138835906982,
  "x_mse_mean": 0.926236679777503,
  "v_mse_mean": 1.9702178835868835,
  "pred_space": "u",
  "loss_space": "x",
  "steps": 1,
  "obs_dim": 2,
  "tau": 0.0,
  "dataset": "spiral_jit",
  "seed": 42,
  "final_val_x_mse": 0.8975948970764875,
  "final_val_v_mse": 1.925271362066269,
  "final_train_loss": 0.693748950958252,
  "final_mmd": 0.0005908012390136719
}