{
  "mmd_2d": 1.6307740211486816,
  "n_generated": 2000,
  "n_true": 2000,
  "x_mse_t0.25": 450192532832256.0,
  "v_mse_t0.25": 7203080525316096.0,
  "x_mse_t0.5": 1960278505816064.0,
  "v_mse_t0.5": 7841114023264256.0,
  "x_mse_t0.75": 4999721500278784.0,
  "v_mse_t0.75": 8888392406269952.0,
  "x_mse_t1.0": 8199578436239360.0,
  "v_mse_t1.0": 8216001854308352.0,
  "x_mse_mean": 3902442743791616.0,
  "v_mse_mean": 8037147202289664.0,
  "pred_space": "u",
  "loss_space": "x",
  "steps": 1,
  "obs_dim": 2,
  "tau": 0.0,
  "dataset": "spiral_jit",
  "seed": 42,
  "final_val_x_mse": 3902546460540928.0,
  "final_val_v_mse": 8037386780934144.0,
  "final_train_loss": 2.4995150870131944e+24,
  "final_mmd": 1.6307740211486816
}