{
  "mmd_2d": 0.4525173306465149,
  "n_generated": 2000,
  "n_true": 2000,
  "x_mse_t0.25": 0.015941433608531952,
  "v_mse_t0.25": 0.2550629675388336,
  "x_mse_t0.5": 0.12230436503887177,
  "v_mse_t0.5": 0.48921746015548706,
  "x_mse_t0.75": 0.6886901259422302,
  "v_mse_t0.75": 1.2243379354476929,
  "x_mse_t1.0": 5903.76806640625,
  "v_mse_t1.0": 5915.5927734375,
  "x_mse_mean": 1476.14875058271,
  "v_mse_mean": 1479.3903479501605,
  "pred_space": "eps",
  "loss_space": "v",
  "steps": 1,
  "obs_dim": 16,
  "tau": 0.0,
  "dataset": "8gaussians",
  "seed": 42,
  "final_val_x_mse": 1477.4951803339645,
  "final_val_v_mse": 1480.7384287416935,
  "final_train_loss": 2.8299193382263184,
  "final_mmd": 0.4525173306465149
}