{
  "mmd_2d": 0.0019316673278808594,
  "n_generated": 2000,
  "n_true": 2000,
  "x_mse_t0.25": 0.027294224128127098,
  "v_mse_t0.25": 0.43670758605003357,
  "x_mse_t0.5": 0.08559573441743851,
  "v_mse_t0.5": 0.34238293766975403,
  "x_mse_t0.75": 0.1992247998714447,
  "v_mse_t0.75": 0.35417744517326355,
  "x_mse_t1.0": 0.4265154302120209,
  "v_mse_t1.0": 0.42736971378326416,
  "x_mse_mean": 0.1846575471572578,
  "v_mse_mean": 0.3901594206690788,
  "pred_space": "v",
  "loss_space": "v",
  "steps": 1,
  "obs_dim": 256,
  "tau": 0.0,
  "dataset": "spiral_jit",
  "seed": 42,
  "final_val_x_mse": 0.1842412305995822,
  "final_val_v_mse": 0.389822818338871,
  "final_train_loss": 0.4251226484775543,
  "final_mmd": 0.0019316673278808594
}