{
  "mmd_2d": 0.49518972635269165,
  "n_generated": 2000,
  "n_true": 2000,
  "x_mse_t0.25": 0.07675468176603317,
  "v_mse_t0.25": 1.2280749082565308,
  "x_mse_t0.5": 0.5087324976921082,
  "v_mse_t0.5": 2.0349299907684326,
  "x_mse_t0.75": 0.855093777179718,
  "v_mse_t0.75": 1.5201667547225952,
  "x_mse_t1.0": 1.0079759359359741,
  "v_mse_t1.0": 1.0099948644638062,
  "x_mse_mean": 0.6121392231434584,
  "v_mse_mean": 1.4482916295528412,
  "pred_space": "x",
  "loss_space": "x",
  "steps": 1,
  "obs_dim": 2,
  "tau": 0.0,
  "dataset": "spiral_jit",
  "seed": 42,
  "final_val_x_mse": 0.6262134779244661,
  "final_val_v_mse": 1.4984154999256134,
  "final_train_loss": 0.46308597922325134,
  "final_mmd": 0.49518972635269165
}