{
  "mmd_2d": 0.4594394564628601,
  "n_generated": 2000,
  "n_true": 2000,
  "x_mse_t0.25": 0.07548452913761139,
  "v_mse_t0.25": 1.2077524662017822,
  "x_mse_t0.5": 0.5078422427177429,
  "v_mse_t0.5": 2.0313689708709717,
  "x_mse_t0.75": 0.8557097911834717,
  "v_mse_t0.75": 1.5212620496749878,
  "x_mse_t1.0": 1.0143871307373047,
  "v_mse_t1.0": 1.0164189338684082,
  "x_mse_mean": 0.6133559234440327,
  "v_mse_mean": 1.4442006051540375,
  "pred_space": "v",
  "loss_space": "v",
  "steps": 1,
  "obs_dim": 2,
  "tau": 0.0,
  "dataset": "spiral_jit",
  "seed": 42,
  "final_val_x_mse": 0.6265038941055536,
  "final_val_v_mse": 1.4928032457828522,
  "final_train_loss": 1.4218389987945557,
  "final_mmd": 0.4594394564628601
}