{
  "mmd_2d": 0.48139017820358276,
  "n_generated": 2000,
  "n_true": 2000,
  "x_mse_t0.25": 0.07392079383134842,
  "v_mse_t0.25": 1.1827327013015747,
  "x_mse_t0.5": 0.47036102414131165,
  "v_mse_t0.5": 1.8814440965652466,
  "x_mse_t0.75": 0.8785679936408997,
  "v_mse_t0.75": 1.5618987083435059,
  "x_mse_t1.0": 0.9797379374504089,
  "v_mse_t1.0": 0.9817003607749939,
  "x_mse_mean": 0.6006469372659922,
  "v_mse_mean": 1.4019439667463303,
  "pred_space": "v",
  "loss_space": "v",
  "steps": 1,
  "obs_dim": 2,
  "tau": 0.0,
  "dataset": "spiral_jit",
  "seed": 42,
  "final_val_x_mse": 0.6062041893601418,
  "final_val_v_mse": 1.421447068452835,
  "final_train_loss": 1.4442329406738281,
  "final_mmd": 0.48139017820358276
}