{
  "mmd_2d": 0.0009491443634033203,
  "n_generated": 2000,
  "n_true": 2000,
  "x_mse_t0.25": 0.12152518332004547,
  "v_mse_t0.25": 1.9444029331207275,
  "x_mse_t0.5": 0.4870070815086365,
  "v_mse_t0.5": 1.948028326034546,
  "x_mse_t0.75": 1.0949279069900513,
  "v_mse_t0.75": 1.9465384483337402,
  "x_mse_t1.0": 1.9419420957565308,
  "v_mse_t1.0": 1.9458318948745728,
  "x_mse_mean": 0.911350566893816,
  "v_mse_mean": 1.9462004005908966,
  "pred_space": "u",
  "loss_space": "v",
  "steps": 1,
  "obs_dim": 2,
  "tau": 0.0,
  "dataset": "spiral_jit",
  "seed": 42,
  "final_val_x_mse": 0.9283586069941521,
  "final_val_v_mse": 1.9915388226509094,
  "final_train_loss": 2.0109198093414307,
  "final_mmd": 0.0009491443634033203
}