{
  "mmd_2d": 1.6832104921340942,
  "n_generated": 2000,
  "n_true": 2000,
  "x_mse_t0.25": 327425355415552.0,
  "v_mse_t0.25": 5238805686648832.0,
  "x_mse_t0.5": 1542352820764672.0,
  "v_mse_t0.5": 6169411283058688.0,
  "x_mse_t0.75": 3846361183158272.0,
  "v_mse_t0.75": 6837975019159552.0,
  "x_mse_t1.0": 5969800530493440.0,
  "v_mse_t1.0": 5981757719445504.0,
  "x_mse_mean": 2921484972457984.0,
  "v_mse_mean": 6056987427078144.0,
  "pred_space": "u",
  "loss_space": "v",
  "steps": 1,
  "obs_dim": 16,
  "tau": 0.0,
  "dataset": "spiral_jit",
  "seed": 42,
  "final_val_x_mse": 2921519726460928.0,
  "final_val_v_mse": 6057047690838016.0,
  "final_train_loss": 3.041455928316808e+24,
  "final_mmd": 1.6832104921340942
}