{
  "mmd_2d": 0.2099035382270813,
  "n_generated": 2000,
  "n_true": 2000,
  "x_mse_t0.25": 0.008023574016988277,
  "v_mse_t0.25": 0.12837718427181244,
  "x_mse_t0.5": 0.03404949977993965,
  "v_mse_t0.5": 0.1361979991197586,
  "x_mse_t0.75": 0.07266393303871155,
  "v_mse_t0.75": 0.12918032705783844,
  "x_mse_t1.0": 0.11690356582403183,
  "v_mse_t1.0": 0.11713771522045135,
  "x_mse_mean": 0.05791014316491783,
  "v_mse_mean": 0.1277233064174652,
  "pred_space": "x",
  "loss_space": "v",
  "steps": 1,
  "obs_dim": 64,
  "tau": 0.3,
  "dataset": "moons",
  "seed": 42,
  "final_val_x_mse": 0.058176920749247074,
  "final_val_v_mse": 0.12932263687252998,
  "final_train_loss": 0.03409451246261597,
  "final_mmd": 0.2099035382270813
}