{
  "mmd_2d": 0.3287672996520996,
  "n_generated": 2000,
  "n_true": 2000,
  "x_mse_t0.25": 0.10087563097476959,
  "v_mse_t0.25": 1.614009976387024,
  "x_mse_t0.5": 0.7249553799629211,
  "v_mse_t0.5": 2.8998212814331055,
  "x_mse_t0.75": 4.729884624481201,
  "v_mse_t0.75": 8.408683776855469,
  "x_mse_t1.0": 12.804905891418457,
  "v_mse_t1.0": 12.830554962158203,
  "x_mse_mean": 4.590155381709337,
  "v_mse_mean": 6.43826749920845,
  "pred_space": "x",
  "loss_space": "v",
  "steps": 1,
  "obs_dim": 2,
  "tau": 0.0,
  "dataset": "8gaussians",
  "seed": 42,
  "final_val_x_mse": 4.716903228312731,
  "final_val_v_mse": 6.64709597826004,
  "final_train_loss": 15.991460800170898,
  "final_mmd": 0.3287672996520996
}