{
  "mmd_2d": 0.4148064851760864,
  "n_generated": 2000,
  "n_true": 2000,
  "x_mse_t0.25": 0.1011723205447197,
  "v_mse_t0.25": 1.6187572479248047,
  "x_mse_t0.5": 0.5377227663993835,
  "v_mse_t0.5": 2.150891065597534,
  "x_mse_t0.75": 1.0527424812316895,
  "v_mse_t0.75": 1.8715420961380005,
  "x_mse_t1.0": 1.206394076347351,
  "v_mse_t1.0": 1.2088104486465454,
  "x_mse_mean": 0.7245079111307859,
  "v_mse_mean": 1.7125002145767212,
  "pred_space": "x",
  "loss_space": "v",
  "steps": 1,
  "obs_dim": 2,
  "tau": 0.0,
  "dataset": "spiral_jit",
  "seed": 42,
  "final_val_x_mse": 0.6939787678420544,
  "final_val_v_mse": 1.6862228214740753,
  "final_train_loss": 1.910952091217041,
  "final_mmd": 0.4148064851760864
}