{
  "mmd_2d": 0.4004465341567993,
  "n_generated": 2000,
  "n_true": 2000,
  "x_mse_t0.25": 0.003364243544638157,
  "v_mse_t0.25": 0.05382789671421051,
  "x_mse_t0.5": 0.015378664247691631,
  "v_mse_t0.5": 0.061514656990766525,
  "x_mse_t0.75": 0.030568929389119148,
  "v_mse_t0.75": 0.05434476584196091,
  "x_mse_t1.0": 0.04021152853965759,
  "v_mse_t1.0": 0.04029206931591034,
  "x_mse_mean": 0.022380841430276632,
  "v_mse_mean": 0.05249484721571207,
  "pred_space": "x",
  "loss_space": "v",
  "steps": 1,
  "obs_dim": 64,
  "tau": 0.1,
  "dataset": "moons",
  "seed": 42,
  "final_val_x_mse": 0.022555535135325044,
  "final_val_v_mse": 0.0535199623554945,
  "final_train_loss": 0.044156257063150406,
  "final_mmd": 0.4004465341567993
}