{
  "mmd_2d": 0.48913174867630005,
  "n_generated": 2000,
  "n_true": 2000,
  "x_mse_t0.25": 0.0101191820576787,
  "v_mse_t0.25": 0.1619069129228592,
  "x_mse_t0.5": 0.06378652155399323,
  "v_mse_t0.5": 0.2551460862159729,
  "x_mse_t0.75": 0.11052615940570831,
  "v_mse_t0.75": 0.19649097323417664,
  "x_mse_t1.0": 0.12044975161552429,
  "v_mse_t1.0": 0.12069100886583328,
  "x_mse_mean": 0.07622040365822613,
  "v_mse_mean": 0.1835587453097105,
  "pred_space": "x",
  "loss_space": "x",
  "steps": 1,
  "obs_dim": 16,
  "tau": 0.0,
  "dataset": "spiral_jit",
  "seed": 42,
  "final_val_x_mse": 0.07663275906816125,
  "final_val_v_mse": 0.18497541546821594,
  "final_train_loss": 0.06592997908592224,
  "final_mmd": 0.48913174867630005
}