{
  "mmd_2d": 0.3164573907852173,
  "n_generated": 200,
  "n_true": 200,
  "x_mse_t0.25": 0.02358384057879448,
  "v_mse_t0.25": 0.37734144926071167,
  "x_mse_t0.5": 0.15184623003005981,
  "v_mse_t0.5": 0.6073848605155945,
  "x_mse_t0.75": 1.1952208280563354,
  "v_mse_t0.75": 2.1248373985290527,
  "x_mse_t1.0": 3.426259994506836,
  "v_mse_t1.0": 3.4331228733062744,
  "x_mse_mean": 1.1992277232930064,
  "v_mse_mean": 1.6356716454029083,
  "pred_space": "v",
  "loss_space": "v",
  "steps": 1,
  "obs_dim": 8,
  "tau": 0.0,
  "dataset": "8gaussians",
  "seed": 42,
  "final_val_x_mse": 1.2034042095765471,
  "final_val_v_mse": 1.6765116900205612,
  "final_train_loss": 1.4005647897720337,
  "final_mmd": 0.3164573907852173
}