{
  "mmd_2d": 0.4902830123901367,
  "n_generated": 2000,
  "n_true": 2000,
  "x_mse_t0.25": 0.07736079394817352,
  "v_mse_t0.25": 1.2377727031707764,
  "x_mse_t0.5": 0.5089864134788513,
  "v_mse_t0.5": 2.0359456539154053,
  "x_mse_t0.75": 0.8544620275497437,
  "v_mse_t0.75": 1.5190436840057373,
  "x_mse_t1.0": 1.009906530380249,
  "v_mse_t1.0": 1.0119292736053467,
  "x_mse_mean": 0.6126789413392544,
  "v_mse_mean": 1.4511728286743164,
  "pred_space": "x",
  "loss_space": "x",
  "steps": 1,
  "obs_dim": 2,
  "tau": 0.0,
  "dataset": "spiral_jit",
  "seed": 42,
  "final_val_x_mse": 0.6264114137738943,
  "final_val_v_mse": 1.5009324550628662,
  "final_train_loss": 0.4628084897994995,
  "final_mmd": 0.4902830123901367
}