{
  "mmd_2d": 0.49404412508010864,
  "n_generated": 2000,
  "n_true": 2000,
  "x_mse_t0.25": 0.07556060701608658,
  "v_mse_t0.25": 1.2089697122573853,
  "x_mse_t0.5": 0.4711357057094574,
  "v_mse_t0.5": 1.8845428228378296,
  "x_mse_t0.75": 0.8785626888275146,
  "v_mse_t0.75": 1.5618892908096313,
  "x_mse_t1.0": 0.9793410897254944,
  "v_mse_t1.0": 0.9813026189804077,
  "x_mse_mean": 0.6011500228196383,
  "v_mse_mean": 1.4091761112213135,
  "pred_space": "x",
  "loss_space": "x",
  "steps": 1,
  "obs_dim": 2,
  "tau": 0.0,
  "dataset": "spiral_jit",
  "seed": 42,
  "final_val_x_mse": 0.6068431120365858,
  "final_val_v_mse": 1.428495615720749,
  "final_train_loss": 0.504506528377533,
  "final_mmd": 0.49404412508010864
}