{
  "mmd_2d": 0.33505773544311523,
  "n_generated": 2000,
  "n_true": 2000,
  "x_mse_t0.25": 0.0035395845770835876,
  "v_mse_t0.25": 0.0566333532333374,
  "x_mse_t0.5": 0.022487906739115715,
  "v_mse_t0.5": 0.08995162695646286,
  "x_mse_t0.75": 0.1468554139137268,
  "v_mse_t0.75": 0.26107630133628845,
  "x_mse_t1.0": 0.4085546135902405,
  "v_mse_t1.0": 0.4093729853630066,
  "x_mse_mean": 0.14535937970504165,
  "v_mse_mean": 0.20425856672227383,
  "pred_space": "x",
  "loss_space": "v",
  "steps": 1,
  "obs_dim": 64,
  "tau": 0.0,
  "dataset": "8gaussians",
  "seed": 42,
  "final_val_x_mse": 0.1465756517718546,
  "final_val_v_mse": 0.20683795493096113,
  "final_train_loss": 1.6788729429244995,
  "final_mmd": 0.33505773544311523
}