{
  "mmd_2d": 0.49176889657974243,
  "n_generated": 2000,
  "n_true": 2000,
  "x_mse_t0.25": 0.074501633644104,
  "v_mse_t0.25": 1.192026138305664,
  "x_mse_t0.5": 0.4706577956676483,
  "v_mse_t0.5": 1.8826310634613037,
  "x_mse_t0.75": 0.8786722421646118,
  "v_mse_t0.75": 1.5620838403701782,
  "x_mse_t1.0": 0.9791874885559082,
  "v_mse_t1.0": 0.9811487793922424,
  "x_mse_mean": 0.6007547900080681,
  "v_mse_mean": 1.404472455382347,
  "pred_space": "v",
  "loss_space": "x",
  "steps": 1,
  "obs_dim": 2,
  "tau": 0.0,
  "dataset": "spiral_jit",
  "seed": 42,
  "final_val_x_mse": 0.6057869866490364,
  "final_val_v_mse": 1.4207600355148315,
  "final_train_loss": 0.5050067901611328,
  "final_mmd": 0.49176889657974243
}