{
  "mmd_2d": 0.4783780574798584,
  "n_generated": 2000,
  "n_true": 2000,
  "x_mse_t0.25": 0.07819344103336334,
  "v_mse_t0.25": 1.2510950565338135,
  "x_mse_t0.5": 0.5081364512443542,
  "v_mse_t0.5": 2.032545804977417,
  "x_mse_t0.75": 0.854958176612854,
  "v_mse_t0.75": 1.519925594329834,
  "x_mse_t1.0": 1.01227605342865,
  "v_mse_t1.0": 1.01430344581604,
  "x_mse_mean": 0.6133910305798054,
  "v_mse_mean": 1.4544674754142761,
  "pred_space": "v",
  "loss_space": "x",
  "steps": 1,
  "obs_dim": 2,
  "tau": 0.0,
  "dataset": "spiral_jit",
  "seed": 42,
  "final_val_x_mse": 0.6263772659003735,
  "final_val_v_mse": 1.504095882177353,
  "final_train_loss": 0.4650130271911621,
  "final_mmd": 0.4783780574798584
}