{
  "mmd_2d": 0.33085310459136963,
  "n_generated": 2000,
  "n_true": 2000,
  "x_mse_t0.25": 0.010310039855539799,
  "v_mse_t0.25": 0.16496063768863678,
  "x_mse_t0.5": 0.06779037415981293,
  "v_mse_t0.5": 0.2711614966392517,
  "x_mse_t0.75": 0.5852977633476257,
  "v_mse_t0.75": 1.0405293703079224,
  "x_mse_t1.0": 1.5896998643875122,
  "v_mse_t1.0": 1.5928840637207031,
  "x_mse_mean": 0.5632745104376227,
  "v_mse_mean": 0.7673838920891285,
  "pred_space": "x",
  "loss_space": "x",
  "steps": 1,
  "obs_dim": 16,
  "tau": 0.0,
  "dataset": "8gaussians",
  "seed": 42,
  "final_val_x_mse": 0.5608842365909368,
  "final_val_v_mse": 0.7625317201018333,
  "final_train_loss": 0.4089832305908203,
  "final_mmd": 0.33085310459136963
}