{
  "mmd_2d": 0.41516757011413574,
  "n_generated": 2000,
  "n_true": 2000,
  "x_mse_t0.25": 0.010470053181052208,
  "v_mse_t0.25": 0.16752085089683533,
  "x_mse_t0.5": 0.06440717726945877,
  "v_mse_t0.5": 0.2576286792755127,
  "x_mse_t0.75": 0.11223123967647552,
  "v_mse_t0.75": 0.1995222121477127,
  "x_mse_t1.0": 0.1268913745880127,
  "v_mse_t1.0": 0.12714554369449615,
  "x_mse_mean": 0.0784999611787498,
  "v_mse_mean": 0.18795432150363922,
  "pred_space": "v",
  "loss_space": "v",
  "steps": 1,
  "obs_dim": 16,
  "tau": 0.0,
  "dataset": "spiral_jit",
  "seed": 42,
  "final_val_x_mse": 0.0788234849460423,
  "final_val_v_mse": 0.18875297531485558,
  "final_train_loss": 0.19323930144309998,
  "final_mmd": 0.41516757011413574
}