{
  "mmd_2d": 0.4883919954299927,
  "n_generated": 2000,
  "n_true": 2000,
  "x_mse_t0.25": 0.0028527164831757545,
  "v_mse_t0.25": 0.04564346373081207,
  "x_mse_t0.5": 0.013363108970224857,
  "v_mse_t0.5": 0.05345243588089943,
  "x_mse_t0.75": 0.026138855144381523,
  "v_mse_t0.75": 0.0464690700173378,
  "x_mse_t1.0": 0.03196367993950844,
  "v_mse_t1.0": 0.032027702778577805,
  "x_mse_mean": 0.018579590134322643,
  "v_mse_mean": 0.044398168101906776,
  "pred_space": "x",
  "loss_space": "v",
  "steps": 1,
  "obs_dim": 64,
  "tau": 0.0,
  "dataset": "moons",
  "seed": 42,
  "final_val_x_mse": 0.018734853307250887,
  "final_val_v_mse": 0.04542842833325267,
  "final_train_loss": 0.054886266589164734,
  "final_mmd": 0.4883919954299927
}