{
  "mmd_2d": 0.3327064514160156,
  "n_generated": 2000,
  "n_true": 2000,
  "x_mse_t0.25": 0.010011919774115086,
  "v_mse_t0.25": 0.16019070148468018,
  "x_mse_t0.5": 0.06826470792293549,
  "v_mse_t0.5": 0.27305883169174194,
  "x_mse_t0.75": 0.5855761766433716,
  "v_mse_t0.75": 1.0410244464874268,
  "x_mse_t1.0": 1.598795771598816,
  "v_mse_t1.0": 1.6019980907440186,
  "x_mse_mean": 0.5656621439848095,
  "v_mse_mean": 0.7690680176019669,
  "pred_space": "v",
  "loss_space": "x",
  "steps": 1,
  "obs_dim": 16,
  "tau": 0.0,
  "dataset": "8gaussians",
  "seed": 42,
  "final_val_x_mse": 0.5645189662463963,
  "final_val_v_mse": 0.7668918594717979,
  "final_train_loss": 0.4106743335723877,
  "final_mmd": 0.3327064514160156
}