{
  "mmd_2d": 1.825671911239624,
  "n_generated": 2000,
  "n_true": 2000,
  "x_mse_t0.25": 8599781341396992.0,
  "v_mse_t0.25": 1.3759650146235187e+17,
  "x_mse_t0.5": 4.13653711936553e+16,
  "v_mse_t0.5": 1.654614847746212e+17,
  "x_mse_t0.75": 1.0244897160298496e+17,
  "v_mse_t0.75": 1.821315069808476e+17,
  "x_mse_t1.0": 1.452211077948375e+17,
  "v_mse_t1.0": 1.45511997339861e+17,
  "x_mse_mean": 7.440880798321869e+16,
  "v_mse_mean": 1.576753726394204e+17,
  "pred_space": "u",
  "loss_space": "v",
  "steps": 1,
  "obs_dim": 16,
  "tau": 0.0,
  "dataset": "8gaussians",
  "seed": 42,
  "final_val_x_mse": 7.440905574914458e+16,
  "final_val_v_mse": 1.5767650651078656e+17,
  "final_train_loss": 4.3331874526960626e+24,
  "final_mmd": 1.825671911239624
}