{
  "mmd_2d": 0.4864572286605835,
  "n_generated": 2000,
  "n_true": 2000,
  "x_mse_t0.25": 0.009826833382248878,
  "v_mse_t0.25": 0.15722933411598206,
  "x_mse_t0.5": 0.06367263942956924,
  "v_mse_t0.5": 0.254690557718277,
  "x_mse_t0.75": 0.11024586856365204,
  "v_mse_t0.75": 0.19599264860153198,
  "x_mse_t1.0": 0.1204109936952591,
  "v_mse_t1.0": 0.12065217643976212,
  "x_mse_mean": 0.07603908376768231,
  "v_mse_mean": 0.18214117921888828,
  "pred_space": "x",
  "loss_space": "v",
  "steps": 1,
  "obs_dim": 16,
  "tau": 0.0,
  "dataset": "spiral_jit",
  "seed": 42,
  "final_val_x_mse": 0.07650094921700656,
  "final_val_v_mse": 0.1841713096946478,
  "final_train_loss": 0.28664955496788025,
  "final_mmd": 0.4864572286605835
}