{
  "mmd_2d": 0.33135664463043213,
  "n_generated": 2000,
  "n_true": 2000,
  "x_mse_t0.25": 0.024254893884062767,
  "v_mse_t0.25": 0.3880783021450043,
  "x_mse_t0.5": 0.1817183494567871,
  "v_mse_t0.5": 0.7268733978271484,
  "x_mse_t0.75": 1.2307779788970947,
  "v_mse_t0.75": 2.188049793243408,
  "x_mse_t1.0": 3.234297275543213,
  "v_mse_t1.0": 3.2407753467559814,
  "x_mse_mean": 1.1677621244452894,
  "v_mse_mean": 1.6359442099928856,
  "pred_space": "x",
  "loss_space": "v",
  "steps": 1,
  "obs_dim": 8,
  "tau": 0.0,
  "dataset": "8gaussians",
  "seed": 42,
  "final_val_x_mse": 1.1744029461406171,
  "final_val_v_mse": 1.6479530483484268,
  "final_train_loss": 3.1039443016052246,
  "final_mmd": 0.33135664463043213
}