{
  "mmd_2d": 0.3300797939300537,
  "n_generated": 2000,
  "n_true": 2000,
  "x_mse_t0.25": 0.0008103184518404305,
  "v_mse_t0.25": 0.012965095229446888,
  "x_mse_t0.5": 0.005552774760872126,
  "v_mse_t0.5": 0.02221110090613365,
  "x_mse_t0.75": 0.03844762593507767,
  "v_mse_t0.75": 0.06835133582353592,
  "x_mse_t1.0": 0.10129503160715103,
  "v_mse_t1.0": 0.10149791836738586,
  "x_mse_mean": 0.036526437688735314,
  "v_mse_mean": 0.05125636258162558,
  "pred_space": "x",
  "loss_space": "v",
  "steps": 1,
  "obs_dim": 256,
  "tau": 0.0,
  "dataset": "8gaussians",
  "seed": 42,
  "final_val_x_mse": 0.037370760532212444,
  "final_val_v_mse": 0.052582889096811414,
  "final_train_loss": 0.08687862753868103,
  "final_mmd": 0.3300797939300537
}