{
  "mmd_2d": 0.4651055335998535,
  "n_generated": 2000,
  "n_true": 2000,
  "x_mse_t0.25": 0.07568953931331635,
  "v_mse_t0.25": 1.2110326290130615,
  "x_mse_t0.5": 0.5088529586791992,
  "v_mse_t0.5": 2.035411834716797,
  "x_mse_t0.75": 0.8557189702987671,
  "v_mse_t0.75": 1.5212782621383667,
  "x_mse_t1.0": 1.0131571292877197,
  "v_mse_t1.0": 1.0151864290237427,
  "x_mse_mean": 0.6133546493947506,
  "v_mse_mean": 1.445727288722992,
  "pred_space": "v",
  "loss_space": "x",
  "steps": 1,
  "obs_dim": 2,
  "tau": 0.0,
  "dataset": "spiral_jit",
  "seed": 42,
  "final_val_x_mse": 0.626392375677824,
  "final_val_v_mse": 1.495479553937912,
  "final_train_loss": 0.4669053554534912,
  "final_mmd": 0.4651055335998535
}