{
  "mmd_2d": 1.0485879182815552,
  "n_generated": 300,
  "n_true": 300,
  "x_mse_t0.25": 5.160590648651123,
  "v_mse_t0.25": 82.56945037841797,
  "x_mse_t0.5": 14.134015083312988,
  "v_mse_t0.5": 56.53606033325195,
  "x_mse_t0.75": 12.842588424682617,
  "v_mse_t0.75": 22.831268310546875,
  "x_mse_t1.0": 64.14664459228516,
  "v_mse_t1.0": 64.27513122558594,
  "x_mse_mean": 24.07095968723297,
  "v_mse_mean": 56.552977561950684,
  "pred_space": "u",
  "loss_space": "v",
  "steps": 1,
  "obs_dim": 8,
  "tau": 0.0,
  "dataset": "8gaussians",
  "seed": 42,
  "final_val_x_mse": 24.240194439888,
  "final_val_v_mse": 56.88651466369629,
  "final_train_loss": 380460.0,
  "final_mmd": 1.0485879182815552
}