{
  "mmd_2d": 2.017993688583374,
  "n_generated": 2000,
  "n_true": 2000,
  "x_mse_t0.25": 6346435339485184.0,
  "v_mse_t0.25": 1.0154296543176294e+17,
  "x_mse_t0.5": 2.710197592968397e+16,
  "v_mse_t0.5": 1.0840790371873587e+17,
  "x_mse_t0.75": 7.139798155054285e+16,
  "v_mse_t0.75": 1.2692973543437107e+17,
  "x_mse_t1.0": 1.1327746032952934e+17,
  "v_mse_t1.0": 1.1350434627190784e+17,
  "x_mse_mean": 5.453096328731034e+16,
  "v_mse_mean": 1.1259623771419443e+17,
  "pred_space": "u",
  "loss_space": "x",
  "steps": 1,
  "obs_dim": 16,
  "tau": 0.0,
  "dataset": "8gaussians",
  "seed": 42,
  "final_val_x_mse": 5.453108784136192e+16,
  "final_val_v_mse": 1.1259682397723034e+17,
  "final_train_loss": 2.8689938592071837e+24,
  "final_mmd": 2.017993688583374
}