{
  "mmd_2d": 1.6738032102584839,
  "n_generated": 2000,
  "n_true": 2000,
  "x_mse_t0.25": 1153462993682432.0,
  "v_mse_t0.25": 1.845540789891891e+16,
  "x_mse_t0.5": 5875588812242944.0,
  "v_mse_t0.5": 2.3502355248971776e+16,
  "x_mse_t0.75": 1.7812288085950464e+16,
  "v_mse_t0.75": 3.166629136223437e+16,
  "x_mse_t1.0": 2.299694282493133e+16,
  "v_mse_t1.0": 2.304300420169728e+16,
  "x_mse_mean": 1.1959570679201792e+16,
  "v_mse_mean": 2.4166764677955584e+16,
  "pred_space": "u",
  "loss_space": "v",
  "steps": 1,
  "obs_dim": 64,
  "tau": 0.0,
  "dataset": "moons",
  "seed": 42,
  "final_val_x_mse": 1.1959885587546112e+16,
  "final_val_v_mse": 2.416699231122227e+16,
  "final_train_loss": 2.3284884051768055e+24,
  "final_mmd": 1.6738032102584839
}