{
  "mmd_2d": 0.4841822385787964,
  "n_generated": 2000,
  "n_true": 2000,
  "x_mse_t0.25": 0.0024810251779854298,
  "v_mse_t0.25": 0.039696402847766876,
  "x_mse_t0.5": 0.014709776267409325,
  "v_mse_t0.5": 0.0588390976190567,
  "x_mse_t0.75": 0.027991674840450287,
  "v_mse_t0.75": 0.049762971699237823,
  "x_mse_t1.0": 0.030750125646591187,
  "v_mse_t1.0": 0.030811717733740807,
  "x_mse_mean": 0.018983150483109057,
  "v_mse_mean": 0.04477754747495055,
  "pred_space": "x",
  "loss_space": "v",
  "steps": 1,
  "obs_dim": 64,
  "tau": 0.0,
  "dataset": "spiral_jit",
  "seed": 42,
  "final_val_x_mse": 0.019348909496329725,
  "final_val_v_mse": 0.046316495165228844,
  "final_train_loss": 0.054422035813331604,
  "final_mmd": 0.4841822385787964
}