{
  "mmd_2d": 0.42331379652023315,
  "n_generated": 2000,
  "n_true": 2000,
  "x_mse_t0.25": 0.011276431381702423,
  "v_mse_t0.25": 0.18042290210723877,
  "x_mse_t0.5": 0.06501099467277527,
  "v_mse_t0.5": 0.2600439786911011,
  "x_mse_t0.75": 0.11280940473079681,
  "v_mse_t0.75": 0.20055004954338074,
  "x_mse_t1.0": 0.12576892971992493,
  "v_mse_t1.0": 0.12602084875106812,
  "x_mse_mean": 0.07871644012629986,
  "v_mse_mean": 0.19175944477319717,
  "pred_space": "v",
  "loss_space": "x",
  "steps": 1,
  "obs_dim": 16,
  "tau": 0.0,
  "dataset": "spiral_jit",
  "seed": 42,
  "final_val_x_mse": 0.0787223749794066,
  "final_val_v_mse": 0.191672220826149,
  "final_train_loss": 0.06766558438539505,
  "final_mmd": 0.42331379652023315
}