{
  "mmd_2d": 0.4832381010055542,
  "n_generated": 2000,
  "n_true": 2000,
  "x_mse_t0.25": 0.07776829600334167,
  "v_mse_t0.25": 1.2442926168441772,
  "x_mse_t0.5": 0.508442223072052,
  "v_mse_t0.5": 2.033768892288208,
  "x_mse_t0.75": 0.8543494939804077,
  "v_mse_t0.75": 1.5188435316085815,
  "x_mse_t1.0": 1.0092840194702148,
  "v_mse_t1.0": 1.0113056898117065,
  "x_mse_mean": 0.6124610081315041,
  "v_mse_mean": 1.4520526826381683,
  "pred_space": "x",
  "loss_space": "v",
  "steps": 1,
  "obs_dim": 2,
  "tau": 0.0,
  "dataset": "spiral_jit",
  "seed": 42,
  "final_val_x_mse": 0.6264518816024065,
  "final_val_v_mse": 1.5009986460208893,
  "final_train_loss": 2.013742208480835,
  "final_mmd": 0.4832381010055542
}